1|Lennon|john.lennon@gmail.com|0611111111|John|01-01-1900|Chanteur|Grenoble|voici une description|Rock
2|McCartney|paul.mccartney@gmail.com|0602548596|Paul|01-01-1900|Pianiste|Grenoble|voici une description|Rock
3|Harrison|george.harrison@gmail.com|0123456789|George|01-01-1900|Musicien|Grenoble|voici une description|Rock
4|Starr|ringo.starr@gmail.com|0622354762|Ringo|01-01-1900|Musicien|Grenoble|voici une description|Rock
5|Brassens|georges.brassens@gmail.com|0475558462|Georges|01-01-1900|Chanteur|Grenoble|voici une description|Variété
6|Séchan|renaud.sechan@gmail.com|0622334455|Renaud|01-01-1900|Chanteur|Grenoble|voici une description|Variété
